<?xml version="1.0" encoding="UTF-8"?>
<project-private xmlns="http://www.netbeans.org/ns/project-private/1">
    <editor-bookmarks xmlns="http://www.netbeans.org/ns/editor-bookmarks/2" lastBookmarkId="0"/>
    <open-files xmlns="http://www.netbeans.org/ns/projectui-open-files/2">
        <group>
            <file>file:/C:/Users/Mr.Strange/OneDrive/Documents/NetBeansProjects/Tedo%20Bank/src/Transfer.java</file>
            <file>file:/C:/Users/Mr.Strange/OneDrive/Documents/NetBeansProjects/Tedo%20Bank/src/Mailer.java</file>
            <file>file:/C:/Users/Mr.Strange/OneDrive/Documents/NetBeansProjects/Tedo%20Bank/src/Debit.java</file>
            <file>file:/C:/Users/Mr.Strange/OneDrive/Documents/NetBeansProjects/Tedo%20Bank/src/authentication.java</file>
            <file>file:/C:/Users/Mr.Strange/OneDrive/Documents/NetBeansProjects/Tedo%20Bank/src/Login.java</file>
            <file>file:/C:/Users/Mr.Strange/OneDrive/Documents/NetBeansProjects/Tedo%20Bank/src/DbCon.sql</file>
        </group>
    </open-files>
</project-private>
